downcased,clean
Ahmed Mohamed Omar Orman,Ahmed Mohamed Omar Orman
Hussein Abdul Rahman,Hussein Abdul Rahman
Mohamed Al-Ashwal,Mohamed Al-Ashwal
Muammar Al-Iryani,Muammar Al-Iryani
Muhammad Al-Zaouri,Muhammad Al-Zaouri
Qassem Mohammad Qassem Bahaibah,Qassem Mohammad Qassem Bahaibah
Saeed Sulaiman Al-Shamasi,Saeed Sulaiman Al-Shamasi
Salem Abdullah Issa Al-Soqotri,Salem Abdullah Issa Al-Soqotri
Tareq Salem Al-Abkari,Tareq Salem Al-Abkari
Tawfiq Al-Sharjabi,Tawfiq Al-Sharjabi
